epoch,accuracy,loss,lr,val_accuracy,val_loss,,,,,,,,,,,,,,,,,,,,,,,,,,,,,,,,,,,,,,,,
0,0.703125,0.583005905,1.00E-04,0.59523809,0.78660953,,,,,,,,,,,,,,,,,,,,,,,,,,,,,,,,,,,,,,,,
1,0.877794325,0.287613392,1.00E-04,0.59523809,1.749225259,,,,,,,,,,,,,,,,,,,,,,,,,,,,,,,,,,,,,,,,
0.9493293,0.97690016,0.079451457,1.00E-04,0.794642866,0.6162474,,,,,,,,,,,,,,,,,,,,,,,,,,,,,,,,,,,,,,,,
0.965722794,0.975409865,0.079995453,1.00E-04,0.827380955,0.49505,,,,,,,,,,,,,,,,,,,,,,,,,,,,,,,,,,,,,,,,
0.964232504,0.957526088,0.10128478,1.00E-04,0.84523809,0.4346,,,,,,,,,,,,,,,,,,,,,,,,,,,,,,,,,,,,,,,,
0.95976156,0.967958272,0.086103395,1.00E-04,0.797619045,0.6627,,,,,,,,,,,,,,,,,,,,,,,,,,,,,,,,,,,,,,,,
0.957526088,0.978390455,0.04157069,1.00E-04,0.830357134,0.438,,,,,,,,,,,,,,,,,,,,,,,,,,,,,,,,,,,,,,,,
0.967958272,0.972429216,0.053094879,1.00E-04,0.854166687,0.49,,,,,,,,,,,,,,,,,,,,,,,,,,,,,,,,,,,,,,,,
0.971684039,0.973919511,0.062543891,1.00E-04,0.809523821,0.1,,,,,,,,,,,,,,,,,,,,,,,,,,,,,,,,,,,,,,,,
0.964232504,0.963487327,0.086568043,1.00E-04,0.797619045,1.011,,,,,,,,,,,,,,,,,,,,,,,,,,,,,,,,,,,,,,,,
0.982116222,0.971684039,0.059677135,1.00E-04,0.857142866,12,0.986587167,0.976154983,0.048971657,1.00E-04,0.851190448,0.513,0.970193744,0.980625927,0.035763763,1.00E-05,0.854166687,0.414,0.971684039,0.982116222,0.032943755,1.00E-05,0.860119045,,,,,,,,,,,,,,,,,,,,,,,
,,,,,,,,,,,,,,,,,,,,,,,,,,,,,,,,,,,,,,,,,,,,,
,,,,,,,,,,,,,,,,,,,,,,,,,,,,,,,,,,,,,,,,,,,,,
,,,,,,,,,,,,,,,,,,,,,,,,,,,,,,,,,,,,,,,,,,,,,
,,,,,,,,,,,,,,,,,,,,,,,,,,,,,,,,,,,,,,,,,,,,,
,,,,,,,,,,,,,,,,,,,,,,,,,,,,,,,,,,,,,,,,,,,,,
0.15,0.981371105,0.985096872,0.024202125,1.00E-05,0.869047642,,,,,,,,,,,,,,,,,,,,,,,,,,,,,,,,,,,,,,,,
16,0.97690016,0.991803288,0.021280253,1.00E-05,0.869047642,,,,,,,,,,,,,,,,,,,,,,,,,,,,,,,,,,,,,,,,
17,0.957526088,0.986587167,0.024740722,1.00E-05,0.857142866,,,,,,,,,,,,,,,,,,,,,,,,,,,,,,,,,,,,,,,,
18,0.975409865,0.985842049,0.019203283,1.00E-05,0.857142866,,,,,,,,,,,,,,,,,,,,,,,,,,,,,,,,,,,,,,,,
21,0.986587167,0.028404137,1.00E-05,0.90773809,0.304385334,,,,,,,,,,,,,,,,,,,,,,,,,,,,,,,,,,,,,,,,
22,0.959016383,0.125722975,1.00E-04,0.800595224,0.53279763,,,,,,,,,,,,,,,,,,,,,,,,,,,,,,,,,,,,,,,,
20,0.991058111,0.021411275,1.00E-05,0.910714269,0.29546994,,,,,,,,,,,,,,,,,,,,,,,,,,,,,,,,,,,,,,,,
21,0.990312994,0.019454105,1.00E-05,0.90773809,0.29450947,,,,,,,,,,,,,,,,,,,,,,,,,,,,,,,,,,,,,,,,
22,0.991803288,0.015172791,1.00E-05,0.90773809,0.287867039,,,,,,,,,,,,,,,,,,,,,,,,,,,,,,,,,,,,,,,,
23,0.990312994,0.022491485,1.00E-05,0.901785731,0.31168136,,,,,,,,,,,,,,,,,,,,,,,,,,,,,,,,,,,,,,,,
24,0.990312994,0.016594259,1.00E-05,0.901785731,0.317458838,,,,,,,,,,,,,,,,,,,,,,,,,,,,,,,,,,,,,,,,
25,0.989567816,0.014728232,1.00E-05,0.90476191,0.317801774,,,,,,,,,,,,,,,,,,,,,,,,,,,,,,,,,,,,,,,,
26,0.986587167,0.020392792,1.00E-05,0.90773809,0.345244199,,,,,,,,,,,,,,,,,,,,,,,,,,,,,,,,,,,,,,,,
27,0.994038761,0.012437334,1.00E-05,0.90476191,0.339068353,,,,,,,,,,,,,,,,,,,,,,,,,,,,,,,,,,,,,,,,
28,0.983606577,0.0225669,1.00E-05,0.901785731,0.342029929,,,,,,,,,,,,,,,,,,,,,,,,,,,,,,,,,,,,,,,,
29,0.990312994,0.016072949,1.00E-05,0.90476191,0.352419317,,,,,,,,,,,,,,,,,,,,,,,,,,,,,,,,,,,,,,,,
30,0.988077521,0.016908145,1.00E-06,0.90773809,0.345232815,,,,,,,,,,,,,,,,,,,,,,,,,,,,,,,,,,,,,,,,
31,0.991803288,0.012110068,1.00E-06,0.90773809,0.344415098,,,,,,,,,,,,,,,,,,,,,,,,,,,,,,,,,,,,,,,,
32,0.991803288,0.014036403,1.00E-06,0.910714269,0.325106025,,,,,,,,,,,,,,,,,,,,,,,,,,,,,,,,,,,,,,,,
33,0.986587167,0.018130565,1.00E-06,0.90773809,0.339295179,,,,,,,,,,,,,,,,,,,,,,,,,,,,,,,,,,,,,,,,
34,0.988077521,0.016852031,1.00E-06,0.90773809,0.339974254,,,,,,,,,,,,,,,,,,,,,,,,,,,,,,,,,,,,,,,,
35,0.986587167,0.023172935,1.00E-06,0.910714269,0.315795481,,,,,,,,,,,,,,,,,,,,,,,,,,,,,,,,,,,,,,,,
36,0.991058111,0.013905201,1.00E-06,0.90773809,0.335887641,,,,,,,,,,,,,,,,,,,,,,,,,,,,,,,,,,,,,,,,
37,0.991803288,0.015057451,1.00E-07,0.90773809,0.333007514,,,,,,,,,,,,,,,,,,,,,,,,,,,,,,,,,,,,,,,,
38,0.989567816,0.016350098,1.00E-07,0.901785731,0.332058847,,,,,,,,,,,,,,,,,,,,,,,,,,,,,,,,,,,,,,,,
39,0.991803288,0.01511268,1.00E-07,0.90773809,0.334624648,,,,,,,,,,,,,,,,,,,,,,,,,,,,,,,,,,,,,,,,
40,0.990312994,0.015802642,1.00E-07,0.90773809,0.333721697,,,,,,,,,,,,,,,,,,,,,,,,,,,,,,,,,,,,,,,,
41,0.992548406,0.013780359,1.00E-07,0.910714269,0.325575024,,,,,,,,,,,,,,,,,,,,,,,,,,,,,,,,,,,,,,,,
42,0.990312994,0.019345304,1.00E-07,0.90773809,0.335056305,,,,,,,,,,,,,,,,,,,,,,,,,,,,,,,,,,,,,,,,
43,0.991058111,0.013317154,1.00E-07,0.90773809,0.335187376,,,,,,,,,,,,,,,,,,,,,,,,,,,,,,,,,,,,,,,,
44,0.991803288,0.017393533,1.00E-08,0.90773809,0.335180372,,,,,,,,,,,,,,,,,,,,,,,,,,,,,,,,,,,,,,,,
45,0.995529056,0.011435442,1.00E-08,0.90773809,0.333207548,,,,,,,,,,,,,,,,,,,,,,,,,,,,,,,,,,,,,,,,
46,0.986587167,0.015367113,1.00E-08,0.895833313,0.331177086,,,,,,,,,,,,,,,,,,,,,,,,,,,,,,,,,,,,,,,,
47,0.988077521,0.021594577,1.00E-08,0.913690448,0.315690577,,,,,,,,,,,,,,,,,,,,,,,,,,,,,,,,,,,,,,,,
48,0.990312994,0.016392345,1.00E-08,0.90773809,0.335134119,,,,,,,,,,,,,,,,,,,,,,,,,,,,,,,,,,,,,,,,
49,0.987332344,0.014845135,1.00E-08,0.90773809,0.334063292,,,,,,,,,,,,,,,,,,,,,,,,,,,,,,,,,,,,,,,,
50,0.991803288,0.013924259,1.00E-08,0.90476191,0.33538574,,,,,,,,,,,,,,,,,,,,,,,,,,,,,,,,,,,,,,,,
51,0.986587167,0.016769566,1.00E-09,0.90773809,0.335891992,,,,,,,,,,,,,,,,,,,,,,,,,,,,,,,,,,,,,,,,
52,0.991058111,0.013862591,1.00E-09,0.913690448,0.302118063,,,,,,,,,,,,,,,,,,,,,,,,,,,,,,,,,,,,,,,,
53,0.991803288,0.01839632,1.00E-09,0.910714269,0.32559666,,,,,,,,,,,,,,,,,,,,,,,,,,,,,,,,,,,,,,,,
54,0.987332344,0.015059168,1.00E-09,0.901785731,0.336473048,,,,,,,,,,,,,,,,,,,,,,,,,,,,,,,,,,,,,,,,
55,0.991803288,0.01588144,1.00E-09,0.90773809,0.334703356,,,,,,,,,,,,,,,,,,,,,,,,,,,,,,,,,,,,,,,,
56,0.990312994,0.013979734,1.00E-09,0.910714269,0.327411801,,,,,,,,,,,,,,,,,,,,,,,,,,,,,,,,,,,,,,,,
57,0.989567816,0.017372562,1.00E-09,0.90476191,0.312158406,,,,,,,,,,,,,,,,,,,,,,,,,,,,,,,,,,,,,,,,
58,0.989567816,0.013653026,1.00E-10,0.90773809,0.3396568,,,,,,,,,,,,,,,,,,,,,,,,,,,,,,,,,,,,,,,,
59,0.989567816,0.017354337,1.00E-10,0.90773809,0.336745232,,,,,,,,,,,,,,,,,,,,,,,,,,,,,,,,,,,,,,,,
60,0.991058111,0.013362538,1.00E-10,0.90773809,0.3358953,,,,,,,,,,,,,,,,,,,,,,,,,,,,,,,,,,,,,,,,
61,0.990312994,0.0139738,1.00E-10,0.913690448,0.322336823,,,,,,,,,,,,,,,,,,,,,,,,,,,,,,,,,,,,,,,,
62,0.988077521,0.016777752,1.00E-10,0.90773809,0.327469647,,,,,,,,,,,,,,,,,,,,,,,,,,,,,,,,,,,,,,,,
63,0.985096872,0.01959482,1.00E-10,0.913690448,0.321601093,,,,,,,,,,,,,,,,,,,,,,,,,,,,,,,,,,,,,,,,
64,0.994038761,0.012794567,1.00E-10,0.90773809,0.334643155,,,,,,,,,,,,,,,,,,,,,,,,,,,,,,,,,,,,,,,,
65,0.990312994,0.016578054,1.00E-11,0.910714269,0.328805625,,,,,,,,,,,,,,,,,,,,,,,,,,,,,,,,,,,,,,,,
66,0.988077521,0.015144641,1.00E-11,0.90773809,0.334645599,,,,,,,,,,,,,,,,,,,,,,,,,,,,,,,,,,,,,,,,
67,0.991058111,0.016308315,1.00E-11,0.90773809,0.334371895,,,,,,,,,,,,,,,,,,,,,,,,,,,,,,,,,,,,,,,,
68,0.988822639,0.015291912,1.00E-11,0.90476191,0.334819168,,,,,,,,,,,,,,,,,,,,,,,,,,,,,,,,,,,,,,,,
69,0.986587167,0.018325556,1.00E-11,0.910714269,0.324879318,,,,,,,,,,,,,,,,,,,,,,,,,,,,,,,,,,,,,,,,
70,0.994038761,0.012380077,1.00E-11,0.90476191,0.337101221,,,,,,,,,,,,,,,,,,,,,,,,,,,,,,,,,,,,,,,,
71,0.993293583,0.013218324,1.00E-11,0.910714269,0.322054505,,,,,,,,,,,,,,,,,,,,,,,,,,,,,,,,,,,,,,,,
72,0.990312994,0.014790149,1.00E-12,0.90773809,0.336209536,,,,,,,,,,,,,,,,,,,,,,,,,,,,,,,,,,,,,,,,
73,0.990312994,0.02464522,1.00E-12,0.913690448,0.321542233,,,,,,,,,,,,,,,,,,,,,,,,,,,,,,,,,,,,,,,,
74,0.990312994,0.016418271,1.00E-12,0.910714269,0.322314113,,,,,,,,,,,,,,,,,,,,,,,,,,,,,,,,,,,,,,,,
75,0.990312994,0.015215899,1.00E-12,0.90773809,0.335111082,,,,,,,,,,,,,,,,,,,,,,,,,,,,,,,,,,,,,,,,
76,0.992548406,0.012793993,1.00E-12,0.90773809,0.333378226,,,,,,,,,,,,,,,,,,,,,,,,,,,,,,,,,,,,,,,,
77,0.988822639,0.01664266,1.00E-12,0.90773809,0.320845515,,,,,,,,,,,,,,,,,,,,,,,,,,,,,,,,,,,,,,,,
78,0.990312994,0.015714377,1.00E-12,0.90476191,0.335743546,,,,,,,,,,,,,,,,,,,,,,,,,,,,,,,,,,,,,,,,
79,0.988077521,0.018844187,1.00E-13,0.910714269,0.324216574,,,,,,,,,,,,,,,,,,,,,,,,,,,,,,,,,,,,,,,,
80,0.994038761,0.012736547,1.00E-13,0.90773809,0.334432274,,,,,,,,,,,,,,,,,,,,,,,,,,,,,,,,,,,,,,,,
81,0.991058111,0.015448492,1.00E-13,0.90773809,0.33594507,,,,,,,,,,,,,,,,,,,,,,,,,,,,,,,,,,,,,,,,
82,0.988077521,0.015585454,1.00E-13,0.913690448,0.326333731,,,,,,,,,,,,,,,,,,,,,,,,,,,,,,,,,,,,,,,,
83,0.990312994,0.014964606,1.00E-13,0.90773809,0.335579783,,,,,,,,,,,,,,,,,,,,,,,,,,,,,,,,,,,,,,,,
84,0.988077521,0.015945425,1.00E-13,0.90773809,0.334831357,,,,,,,,,,,,,,,,,,,,,,,,,,,,,,,,,,,,,,,,
85,0.991815448,0.014939604,1.00E-13,0.90773809,0.337414026,,,,,,,,,,,,,,,,,,,,,,,,,,,,,,,,,,,,,,,,
86,0.991058111,0.015370348,1.00E-14,0.90773809,0.33612743,,,,,,,,,,,,,,,,,,,,,,,,,,,,,,,,,,,,,,,,
87,0.989567816,0.013326439,1.00E-14,0.90773809,0.333850205,,,,,,,,,,,,,,,,,,,,,,,,,,,,,,,,,,,,,,,,
88,0.989567816,0.01599904,1.00E-14,0.910714269,0.312001765,,,,,,,,,,,,,,,,,,,,,,,,,,,,,,,,,,,,,,,,
89,0.988077521,0.016384505,1.00E-14,0.910714269,0.328966111,,,,,,,,,,,,,,,,,,,,,,,,,,,,,,,,,,,,,,,,
90,0.991058111,0.014793561,1.00E-14,0.90773809,0.334979206,,,,,,,,,,,,,,,,,,,,,,,,,,,,,,,,,,,,,,,,
91,0.989567816,0.021400694,1.00E-14,0.910714269,0.330494225,,,,,,,,,,,,,,,,,,,,,,,,,,,,,,,,,,,,,,,,
92,0.989567816,0.016148662,1.00E-14,0.90476191,0.335596383,,,,,,,,,,,,,,,,,,,,,,,,,,,,,,,,,,,,,,,,
93,0.992548406,0.014896974,1.00E-15,0.90476191,0.336670637,,,,,,,,,,,,,,,,,,,,,,,,,,,,,,,,,,,,,,,,
94,0.988822639,0.015938578,1.00E-15,0.90476191,0.334672868,,,,,,,,,,,,,,,,,,,,,,,,,,,,,,,,,,,,,,,,
95,0.989567816,0.015653566,1.00E-15,0.910714269,0.317361385,,,,,,,,,,,,,,,,,,,,,,,,,,,,,,,,,,,,,,,,
96,0.989567816,0.013528129,1.00E-15,0.910714269,0.32892251,,,,,,,,,,,,,,,,,,,,,,,,,,,,,,,,,,,,,,,,
97,0.988077521,0.01562582,1.00E-15,0.90773809,0.334260851,,,,,,,,,,,,,,,,,,,,,,,,,,,,,,,,,,,,,,,,
98,0.991803288,0.015715446,1.00E-15,0.910714269,0.330605626,,,,,,,,,,,,,,,,,,,,,,,,,,,,,,,,,,,,,,,,
99,0.986587167,0.017472409,1.00E-15,0.910714269,0.320400953,,,,,,,,,,,,,,,,,,,,,,,,,,,,,,,,,,,,,,,,
100,0.989567816,0.015381191,1.00E-16,0.90773809,0.334930331,,,,,,,,,,,,,,,,,,,,,,,,,,,,,,,,,,,,,,,,
101,0.992548406,0.013475131,1.00E-16,0.913690448,0.324675351,,,,,,,,,,,,,,,,,,,,,,,,,,,,,,,,,,,,,,,,
102,0.988077521,0.014212025,1.00E-16,0.90476191,0.335145533,,,,,,,,,,,,,,,,,,,,,,,,,,,,,,,,,,,,,,,,
103,0.989567816,0.016969763,1.00E-16,0.910714269,0.32314229,,,,,,,,,,,,,,,,,,,,,,,,,,,,,,,,,,,,,,,,
104,0.988822639,0.016610814,1.00E-16,0.913690448,0.320971817,,,,,,,,,,,,,,,,,,,,,,,,,,,,,,,,,,,,,,,,
105,0.990312994,0.014839029,1.00E-16,0.90773809,0.336458147,,,,,,,,,,,,,,,,,,,,,,,,,,,,,,,,,,,,,,,,
106,0.991803288,0.015444478,1.00E-16,0.90773809,0.335453302,,,,,,,,,,,,,,,,,,,,,,,,,,,,,,,,,,,,,,,,
107,0.990312994,0.014129539,1.00E-17,0.90476191,0.332697779,,,,,,,,,,,,,,,,,,,,,,,,,,,,,,,,,,,,,,,,
108,0.991058111,0.016673824,1.00E-17,0.90773809,0.336753249,,,,,,,,,,,,,,,,,,,,,,,,,,,,,,,,,,,,,,,,
109,0.990312994,0.013710157,1.00E-17,0.90773809,0.333687991,,,,,,,,,,,,,,,,,,,,,,,,,,,,,,,,,,,,,,,,
110,0.992548406,0.016838618,1.00E-17,0.90773809,0.335119158,,,,,,,,,,,,,,,,,,,,,,,,,,,,,,,,,,,,,,,,
111,0.991803288,0.012571645,1.00E-17,0.910714269,0.327159166,,,,,,,,,,,,,,,,,,,,,,,,,,,,,,,,,,,,,,,,
112,0.988822639,0.016910862,1.00E-17,0.90773809,0.333228171,,,,,,,,,,,,,,,,,,,,,,,,,,,,,,,,,,,,,,,,
113,0.991058111,0.015067692,1.00E-17,0.90773809,0.334024936,,,,,,,,,,,,,,,,,,,,,,,,,,,,,,,,,,,,,,,,
114,0.988822639,0.016117044,1.00E-18,0.910714269,0.325129837,,,,,,,,,,,,,,,,,,,,,,,,,,,,,,,,,,,,,,,,
115,0.991058111,0.013740675,1.00E-18,0.910714269,0.320329398,,,,,,,,,,,,,,,,,,,,,,,,,,,,,,,,,,,,,,,,
116,0.991058111,0.014001855,1.00E-18,0.901785731,0.333381891,,,,,,,,,,,,,,,,,,,,,,,,,,,,,,,,,,,,,,,,
117,0.994038761,0.016593637,1.00E-18,0.90476191,0.334084243,,,,,,,,,,,,,,,,,,,,,,,,,,,,,,,,,,,,,,,,
118,0.991058111,0.015007761,1.00E-18,0.90773809,0.33578229,,,,,,,,,,,,,,,,,,,,,,,,,,,,,,,,,,,,,,,,
119,0.992548406,0.015827002,1.00E-18,0.90773809,0.33817336,,,,,,,,,,,,,,,,,,,,,,,,,,,,,,,,,,,,,,,,
120,0.991058111,0.017004233,1.00E-18,0.90476191,0.335793376,,,,,,,,,,,,,,,,,,,,,,,,,,,,,,,,,,,,,,,,
121,0.991058111,0.014018347,1.00E-19,0.90773809,0.336393982,,,,,,,,,,,,,,,,,,,,,,,,,,,,,,,,,,,,,,,,
122,0.989567816,0.017524354,1.00E-19,0.90773809,0.336705059,,,,,,,,,,,,,,,,,,,,,,,,,,,,,,,,,,,,,,,,
123,0.990312994,0.019272534,1.00E-19,0.90476191,0.317920804,,,,,,,,,,,,,,,,,,,,,,,,,,,,,,,,,,,,,,,,
124,0.989567816,0.016638013,1.00E-19,0.910714269,0.33177036,,,,,,,,,,,,,,,,,,,,,,,,,,,,,,,,,,,,,,,,
125,0.992548406,0.01468546,1.00E-19,0.90476191,0.332093954,,,,,,,,,,,,,,,,,,,,,,,,,,,,,,,,,,,,,,,,
126,0.988822639,0.016098293,1.00E-19,0.910714269,0.328132063,,,,,,,,,,,,,,,,,,,,,,,,,,,,,,,,,,,,,,,,
127,0.993293583,0.014371046,1.00E-19,0.90773809,0.337289989,,,,,,,,,,,,,,,,,,,,,,,,,,,,,,,,,,,,,,,,
128,0.990312994,0.013554313,1.00E-20,0.90773809,0.335536361,,,,,,,,,,,,,,,,,,,,,,,,,,,,,,,,,,,,,,,,
129,0.993293583,0.018215433,1.00E-20,0.910714269,0.32188639,,,,,,,,,,,,,,,,,,,,,,,,,,,,,,,,,,,,,,,,
130,0.991058111,0.015164816,1.00E-20,0.901785731,0.332355618,,,,,,,,,,,,,,,,,,,,,,,,,,,,,,,,,,,,,,,,
131,0.991803288,0.012652865,1.00E-20,0.910714269,0.323113382,,,,,,,,,,,,,,,,,,,,,,,,,,,,,,,,,,,,,,,,
132,0.990312994,0.01652953,1.00E-20,0.90773809,0.337359846,,,,,,,,,,,,,,,,,,,,,,,,,,,,,,,,,,,,,,,,
133,0.988822639,0.016028756,1.00E-20,0.90773809,0.340811789,,,,,,,,,,,,,,,,,,,,,,,,,,,,,,,,,,,,,,,,
134,0.993293583,0.014025455,1.00E-20,0.913690448,0.315600812,,,,,,,,,,,,,,,,,,,,,,,,,,,,,,,,,,,,,,,,
135,0.988077521,0.019215461,1.00E-21,0.90773809,0.337293625,,,,,,,,,,,,,,,,,,,,,,,,,,,,,,,,,,,,,,,,
136,0.989567816,0.01753393,1.00E-21,0.910714269,0.327454716,,,,,,,,,,,,,,,,,,,,,,,,,,,,,,,,,,,,,,,,
137,0.988822639,0.016554557,1.00E-21,0.90773809,0.33504054,,,,,,,,,,,,,,,,,,,,,,,,,,,,,,,,,,,,,,,,
138,0.990312994,0.014448827,1.00E-21,0.90773809,0.33253625,,,,,,,,,,,,,,,,,,,,,,,,,,,,,,,,,,,,,,,,
139,0.991058111,0.017662657,1.00E-21,0.910714269,0.332015097,,,,,,,,,,,,,,,,,,,,,,,,,,,,,,,,,,,,,,,,
140,0.991058111,0.015862159,1.00E-21,0.910714269,0.328934491,,,,,,,,,,,,,,,,,,,,,,,,,,,,,,,,,,,,,,,,
141,0.990312994,0.013834996,1.00E-21,0.90773809,0.332173884,,,,,,,,,,,,,,,,,,,,,,,,,,,,,,,,,,,,,,,,
142,0.994783878,0.014975177,1.00E-22,0.913690448,0.319271088,,,,,,,,,,,,,,,,,,,,,,,,,,,,,,,,,,,,,,,,
143,0.988822639,0.015447004,1.00E-22,0.90773809,0.333835751,,,,,,,,,,,,,,,,,,,,,,,,,,,,,,,,,,,,,,,,
144,0.993293583,0.014824505,1.00E-22,0.90773809,0.335919052,,,,,,,,,,,,,,,,,,,,,,,,,,,,,,,,,,,,,,,,
145,0.987332344,0.016922858,1.00E-22,0.90773809,0.335879177,,,,,,,,,,,,,,,,,,,,,,,,,,,,,,,,,,,,,,,,
146,0.991803288,0.013508954,1.00E-22,0.910714269,0.329791099,,,,,,,,,,,,,,,,,,,,,,,,,,,,,,,,,,,,,,,,
147,0.986587167,0.016414218,1.00E-22,0.90773809,0.334766388,,,,,,,,,,,,,,,,,,,,,,,,,,,,,,,,,,,,,,,,
148,0.991803288,0.014518257,1.00E-22,0.90773809,0.3249861,,,,,,,,,,,,,,,,,,,,,,,,,,,,,,,,,,,,,,,,
149,0.991058111,0.014248361,1.00E-23,0.910714269,0.330017716,,,,,,,,,,,,,,,,,,,,,,,,,,,,,,,,,,,,,,,,
150,0.988822639,0.01907599,1.00E-23,0.90773809,0.333791882,,,,,,,,,,,,,,,,,,,,,,,,,,,,,,,,,,,,,,,,
151,0.993293583,0.013241637,1.00E-23,0.90773809,0.336108506,,,,,,,,,,,,,,,,,,,,,,,,,,,,,,,,,,,,,,,,
152,0.991803288,0.014705621,1.00E-23,0.90773809,0.337573737,,,,,,,,,,,,,,,,,,,,,,,,,,,,,,,,,,,,,,,,
153,0.991058111,0.014483352,1.00E-23,0.90773809,0.332814485,,,,,,,,,,,,,,,,,,,,,,,,,,,,,,,,,,,,,,,,
154,0.987332344,0.017590867,1.00E-23,0.90773809,0.335337758,,,,,,,,,,,,,,,,,,,,,,,,,,,,,,,,,,,,,,,,
155,0.988077521,0.014776058,1.00E-23,0.90773809,0.311096072,,,,,,,,,,,,,,,,,,,,,,,,,,,,,,,,,,,,,,,,
156,0.988077521,0.015741419,1.00E-24,0.90476191,0.334971011,,,,,,,,,,,,,,,,,,,,,,,,,,,,,,,,,,,,,,,,
157,0.991058111,0.014212646,1.00E-24,0.90773809,0.334723353,,,,,,,,,,,,,,,,,,,,,,,,,,,,,,,,,,,,,,,,
158,0.990312994,0.022999274,1.00E-24,0.910714269,0.325123608,,,,,,,,,,,,,,,,,,,,,,,,,,,,,,,,,,,,,,,,
159,0.988822639,0.016958186,1.00E-24,0.910714269,0.330944687,,,,,,,,,,,,,,,,,,,,,,,,,,,,,,,,,,,,,,,,
160,0.991803288,0.015357022,1.00E-24,0.910714269,0.331785649,,,,,,,,,,,,,,,,,,,,,,,,,,,,,,,,,,,,,,,,
161,0.988822639,0.017110853,1.00E-24,0.90773809,0.334826142,,,,,,,,,,,,,,,,,,,,,,,,,,,,,,,,,,,,,,,,
162,0.994038761,0.014704463,1.00E-24,0.90773809,0.33635655,,,,,,,,,,,,,,,,,,,,,,,,,,,,,,,,,,,,,,,,
163,0.990312994,0.014802568,1.00E-25,0.90773809,0.335780084,,,,,,,,,,,,,,,,,,,,,,,,,,,,,,,,,,,,,,,,
164,0.991058111,0.016481729,1.00E-25,0.910714269,0.318402588,,,,,,,,,,,,,,,,,,,,,,,,,,,,,,,,,,,,,,,,
165,0.993293583,0.014670177,1.00E-25,0.90773809,0.332801253,,,,,,,,,,,,,,,,,,,,,,,,,,,,,,,,,,,,,,,,
166,0.990312994,0.015065552,1.00E-25,0.910714269,0.322673708,,,,,,,,,,,,,,,,,,,,,,,,,,,,,,,,,,,,,,,,
167,0.988822639,0.016133947,1.00E-25,0.90773809,0.335754812,,,,,,,,,,,,,,,,,,,,,,,,,,,,,,,,,,,,,,,,
168,0.988077521,0.015997142,1.00E-25,0.90773809,0.333554089,,,,,,,,,,,,,,,,,,,,,,,,,,,,,,,,,,,,,,,,
169,0.991803288,0.019044969,1.00E-25,0.90773809,0.33606106,,,,,,,,,,,,,,,,,,,,,,,,,,,,,,,,,,,,,,,,
170,0.988839269,0.015197922,1.00E-26,0.90773809,0.336503237,,,,,,,,,,,,,,,,,,,,,,,,,,,,,,,,,,,,,,,,
171,0.993293583,0.014947435,1.00E-26,0.90773809,0.336036831,,,,,,,,,,,,,,,,,,,,,,,,,,,,,,,,,,,,,,,,
172,0.988822639,0.01552253,1.00E-26,0.910714269,0.333835334,,,,,,,,,,,,,,,,,,,,,,,,,,,,,,,,,,,,,,,,
173,0.989567816,0.016313966,1.00E-26,0.90773809,0.334798276,,,,,,,,,,,,,,,,,,,,,,,,,,,,,,,,,,,,,,,,
174,0.991058111,0.015817126,1.00E-26,0.910714269,0.328208476,,,,,,,,,,,,,,,,,,,,,,,,,,,,,,,,,,,,,,,,
175,0.986587167,0.020730283,1.00E-26,0.910714269,0.321792215,,,,,,,,,,,,,,,,,,,,,,,,,,,,,,,,,,,,,,,,
176,0.988822639,0.016096089,1.00E-26,0.90773809,0.333021402,,,,,,,,,,,,,,,,,,,,,,,,,,,,,,,,,,,,,,,,
177,0.990312994,0.014772707,1.00E-27,0.90773809,0.333298236,,,,,,,,,,,,,,,,,,,,,,,,,,,,,,,,,,,,,,,,
178,0.991058111,0.017704671,1.00E-27,0.913690448,0.325092852,,,,,,,,,,,,,,,,,,,,,,,,,,,,,,,,,,,,,,,,
179,0.988077521,0.016047193,1.00E-27,0.913690448,0.317848742,,,,,,,,,,,,,,,,,,,,,,,,,,,,,,,,,,,,,,,,
180,0.990312994,0.016017787,1.00E-27,0.90773809,0.339069724,,,,,,,,,,,,,,,,,,,,,,,,,,,,,,,,,,,,,,,,
181,0.993293583,0.012054227,1.00E-27,0.90773809,0.33359012,,,,,,,,,,,,,,,,,,,,,,,,,,,,,,,,,,,,,,,,
182,0.993293583,0.013388396,1.00E-27,0.90773809,0.334551424,,,,,,,,,,,,,,,,,,,,,,,,,,,,,,,,,,,,,,,,
183,0.988077521,0.01690259,1.00E-27,0.90773809,0.309499472,,,,,,,,,,,,,,,,,,,,,,,,,,,,,,,,,,,,,,,,
184,0.989567816,0.014663837,1.00E-28,0.90773809,0.335766673,,,,,,,,,,,,,,,,,,,,,,,,,,,,,,,,,,,,,,,,
185,0.990312994,0.013623578,1.00E-28,0.90773809,0.334577024,,,,,,,,,,,,,,,,,,,,,,,,,,,,,,,,,,,,,,,,
186,0.989567816,0.018837282,1.00E-28,0.90476191,0.333924294,,,,,,,,,,,,,,,,,,,,,,,,,,,,,,,,,,,,,,,,
187,0.990312994,0.014931639,1.00E-28,0.90773809,0.332419753,,,,,,,,,,,,,,,,,,,,,,,,,,,,,,,,,,,,,,,,
188,0.988822639,0.014467164,1.00E-28,0.90773809,0.33642906,,,,,,,,,,,,,,,,,,,,,,,,,,,,,,,,,,,,,,,,
189,0.989567816,0.017271608,1.00E-28,0.90476191,0.330959678,,,,,,,,,,,,,,,,,,,,,,,,,,,,,,,,,,,,,,,,
190,0.991058111,0.013247965,1.00E-28,0.90773809,0.332676709,,,,,,,,,,,,,,,,,,,,,,,,,,,,,,,,,,,,,,,,
191,0.991058111,0.013687829,1.00E-29,0.90773809,0.3335464,,,,,,,,,,,,,,,,,,,,,,,,,,,,,,,,,,,,,,,,
192,0.990312994,0.016396338,1.00E-29,0.90773809,0.328232676,,,,,,,,,,,,,,,,,,,,,,,,,,,,,,,,,,,,,,,,
193,0.989567816,0.015443962,1.00E-29,0.90773809,0.333204299,,,,,,,,,,,,,,,,,,,,,,,,,,,,,,,,,,,,,,,,
194,0.986587167,0.017943351,1.00E-29,0.90773809,0.337734759,,,,,,,,,,,,,,,,,,,,,,,,,,,,,,,,,,,,,,,,
195,0.989567816,0.015636556,1.00E-29,0.90773809,0.331776559,,,,,,,,,,,,,,,,,,,,,,,,,,,,,,,,,,,,,,,,
196,0.988822639,0.018496793,1.00E-29,0.90773809,0.334620029,,,,,,,,,,,,,,,,,,,,,,,,,,,,,,,,,,,,,,,,
197,0.988822639,0.013722832,1.00E-29,0.90773809,0.333762974,,,,,,,,,,,,,,,,,,,,,,,,,,,,,,,,,,,,,,,,
198,0.991058111,0.015562392,1.00E-30,0.90773809,0.333485842,,,,,,,,,,,,,,,,,,,,,,,,,,,,,,,,,,,,,,,,
199,0.988822639,0.01910343,1.00E-30,0.90773809,0.337944239,,,,,,,,,,,,,,,,,,,,,,,,,,,,,,,,,,,,,,,,
9,0.863095224,0.418950319,,,,,,,,,,,,,,,,,,,,,,,,,,,,,,,,,,,,,,,,,,,
